province,Section,Depth
"Southern Province, Zambia",Geography,1
"Southern Province, Zambia",Demographics,1
"Southern Province, Zambia",Economy and agriculture,1
"Southern Province, Zambia","Education, employment, and health",1
"Southern Province, Zambia",National parks and culture,1
"Southern Province, Zambia",Administration,1
"Southern Province, Zambia",See also,1
"Southern Province, Zambia",Citations,1
"Southern Province, Zambia",General and cited references,1
"Copperbelt Province, Zambia",Demographics,1
"Copperbelt Province, Zambia",Administration,1
"Copperbelt Province, Zambia",Geography,1
"Copperbelt Province, Zambia",Wildlife areas,2
"Copperbelt Province, Zambia",Economy and education,1
"Copperbelt Province, Zambia",See also,1
"Copperbelt Province, Zambia",References,1
"Copperbelt Province, Zambia",External links,1
"Lusaka Province, Zambia",Geography,1
"Lusaka Province, Zambia",Demography,1
"Lusaka Province, Zambia",Ethnicity,2
"Lusaka Province, Zambia",Languages,2
"Lusaka Province, Zambia",National Parks and culture,1
"Lusaka Province, Zambia",Administration,1
"Lusaka Province, Zambia",Economy and education,1
"Lusaka Province, Zambia",See also,1
"Lusaka Province, Zambia",Notes,1
"Lusaka Province, Zambia",References,1
"Eastern Province, Zambia",History,1
"Eastern Province, Zambia",Geography,1
"Eastern Province, Zambia",Demographics,1
"Eastern Province, Zambia",Culture and wildlife parks,1
"Eastern Province, Zambia",Administration,1
"Eastern Province, Zambia","Economy, health and education",1
"Eastern Province, Zambia",See also,1
"Eastern Province, Zambia",Notes,1
"Eastern Province, Zambia",References,1
"Northern Province, Zambia",Geography,1
"Northern Province, Zambia",National parks and other wildlife areas,2
"Northern Province, Zambia",Demographics,1
"Northern Province, Zambia",Languages and culture,1
"Northern Province, Zambia",Economy,1
"Northern Province, Zambia",Administration,1
"Northern Province, Zambia",Education,1
"Northern Province, Zambia",See also,1
"Northern Province, Zambia",Notes,1
"Northern Province, Zambia",References,1
"Western Province, Zambia",Geography,1
"Western Province, Zambia",Transport,1
"Western Province, Zambia",Demographics,1
"Western Province, Zambia",Ethnicity,1
"Western Province, Zambia",Economy and education,1
"Western Province, Zambia",Industry,1
"Western Province, Zambia",Tourism,1
"Western Province, Zambia",National Parks and wildlife areas,2
"Western Province, Zambia",Administration,1
"Western Province, Zambia",See also,1
"Western Province, Zambia",Notes,1
"Western Province, Zambia",References,1
"North-Western Province, Zambia",Geography,1
"North-Western Province, Zambia",Demographics,1
"North-Western Province, Zambia",National Parks and culture,1
"North-Western Province, Zambia",Administration,1
"North-Western Province, Zambia",Education and economy,1
"North-Western Province, Zambia",See also,1
"North-Western Province, Zambia",Notes,1
"North-Western Province, Zambia",References,1
"North-Western Province, Zambia",External links,1
"Muchinga Province, Zambia",Geography,1
"Muchinga Province, Zambia",History,1
"Muchinga Province, Zambia",Demographics,1
"Muchinga Province, Zambia",Administration,1
"Muchinga Province, Zambia",Transportation,1
"Muchinga Province, Zambia",See also,1
"Muchinga Province, Zambia",Notes,1
"Muchinga Province, Zambia",References,1
"Muchinga Province, Zambia",External links,1
"Central Province, Zambia",History,1
"Central Province, Zambia",Geography,1
"Central Province, Zambia",Climate,2
"Central Province, Zambia",Environment,2
"Central Province, Zambia",Demographics,1
"Central Province, Zambia",Administration,1
"Central Province, Zambia",Economy and society,1
"Central Province, Zambia",Culture,1
"Central Province, Zambia",See also,1
"Central Province, Zambia",Citations,1
"Central Province, Zambia",General and cited references,1
"Central Province, Zambia",External links,1
"Luapula Province, Zambia",History,1
"Luapula Province, Zambia",Geography,1
"Luapula Province, Zambia",Demographics,1
"Luapula Province, Zambia",Economy and utility services,1
"Luapula Province, Zambia",Administration,1
"Luapula Province, Zambia",Culture and tourism,1
"Luapula Province, Zambia",See also,1
"Luapula Province, Zambia",Notes,1
"Luapula Province, Zambia",References,1
